{
  "metadata": [
    {
      "src": [
        {
          "files": [
            "src/Wpf.Ui/*.csproj",
            "src/Wpf.Ui.Tray/*.csproj",
            "src/Wpf.Ui.Abstractions/*.csproj",
            "src/Wpf.Ui.DependencyInjection/*.csproj"
          ],
          "src": "../"
        }
      ],
      "dest": "api",
      "properties": {
        "TargetFramework": "net472"
      },
      "disableGitFeatures": false,
      "disableDefaultFilter": false
    }
  ],
  "build": {
    "content": [
      {
        "files": [
          "**/*.{md,yml}"
        ],
        "exclude": [
          "_site/**",
          "obj/**"
        ]
      }
    ],
    "resource": [
      {
        "files": [
          "**/images/**",
          "codesnippet/**",
          "manifest.webmanifest",
          "robots.txt"
        ],
        "exclude": [
          "_site/**",
          "obj/**"
        ]
      }
    ],
    "xrefService": [
      "https://xref.docs.microsoft.com/query?uid={uid}"
    ],
    "postProcessors": [
      "ExtractSearchIndex"
    ],
    "globalMetadata": {
      "_appTitle": "WPF UI",
      "_appName": "WPF UI",
      "_appFaviconPath": "images/favicon.ico",
      "_appLogoPath": "images/wpfui.png",
      "_appFooter": "<span>Made with <a href=\"https://dotnet.github.io/docfx\" rel=\"noreferrer\">docfx</a>, <a href=\"https://chat.openai.com/\" rel=\"noreferrer\">ChatGPT</a> and <a href=\"https://www.deepl.com/\" rel=\"noreferrer\">DeepL</a> | Copyright © 2025 <a href=\"https://lepo.co/\">lepo.co</a></span>"
    },
    "dest": "_site",
    "template": [
      "default",
      "templates/wpfui"
    ],
    "globalMetadataFiles": [],
    "fileMetadataFiles": [],
    "markdownEngineName": "markdig",
    "noLangKeyword": false,
    "keepFileLink": false,
    "cleanupCacheHistory": false,
    "disableGitFeatures": false
  }
}
